Date,daily_return,cumulative_return,running_max,drawdown
2023-01-03,-0.0017470016775528248,0.9982529983224472,0.9982529983224472,0.0
2023-01-04,-0.015884547182206,0.9823962014708156,0.9982529983224472,-0.015884547182206
2023-01-05,-0.00040066952715020005,0.9820025852492982,0.9982529983224472,-0.016278852255347753
2023-01-06,-0.0018812449251291753,0.9801551978693341,0.9982529983224472,-0.018129472672284708
2023-01-09,0.0148320851998141,0.9946929432731727,0.9982529983224472,-0.003566285355773635
2023-01-10,-0.014180966536472025,0.980587235930551,0.9982529983224472,-0.017696678518955955
2023-01-11,-0.0004933727506093001,0.9801034409087475,0.9982529983224472,-0.01818132021060781
2023-01-12,-0.003943311295409075,0.9762385879395428,0.9982529983224472,-0.022052936900664788
2023-01-13,0.0028491022828592,0.9790199915290565,0.9982529983224472,-0.019266665690673146
2023-01-16,-4.2814038781399926e-05,0.9789780757291714,0.9982529983224472,-0.01930865484568245
2023-01-17,0.01111746462912705,0.9898618298587812,0.9982529983224472,-0.008405853503838379
2023-01-18,0.006763419090237375,0.9965566802555456,0.9982529983224472,-0.0016992867236584885
2023-01-19,-0.002148539584183225,0.9944155387801342,0.9982529983224472,-0.0038441753230511466
2023-01-20,-0.0007357722839449249,0.9936838753879756,0.9982529983224472,-0.004577119169338784
2023-01-23,0.006597307954506675,1.0002395139233378,1.0002395139233378,0.0
2023-01-24,0.0033890426069911996,1.00362936825322,1.00362936825322,0.0
2023-01-25,-0.011576660603814825,0.9920106916849314,1.00362936825322,-0.011576660603814792
2023-01-27,-0.008614175011250974,0.9834653379737253,1.00362936825322,-0.020091112234578712
2023-01-30,0.004507268605336175,0.9878980804160106,1.00362936825322,-0.015674399668663686
2023-01-31,0.0023791628454546496,0.9902484508240322,1.00362936825322,-0.013332528772525665
2023-02-01,0.0115172221202623,1.0016533621864183,1.00362936825322,-0.0019688603475612743
2023-02-02,0.012059723488054525,1.0137330247652667,1.0137330247652667,0.0
2023-02-03,0.01269028247318745,1.0265975832019365,1.0265975832019365,0.0
2023-02-06,-0.00575919875185195,1.0206852036821057,1.0265975832019365,-0.005759198751851935
2023-02-07,-0.0080342764503995,1.0124847365868914,1.0265975832019365,-0.013747204207346209
2023-02-08,0.010999228448715325,1.023621287505448,1.0265975832019365,-0.0028991843982385523
2023-02-09,0.0032142911457623256,1.0269115043464905,1.0269115043464905,0.0
2023-02-10,-0.0043100551266724504,1.022485459152543,1.0269115043464905,-0.004310055126672485
2023-02-13,-0.0057034839382181495,1.0166537297592049,1.0269115043464905,-0.009988956734702792
2023-02-14,0.02050441520275475,1.0374996199516169,1.0374996199516169,0.0
2023-02-15,0.0030000673379494505,1.0406121886745687,1.0406121886745687,0.0
2023-02-16,-0.00012835947029885,1.040478616245244,1.0406121886745687,-0.00012835947029887773
2023-02-17,-0.00246395624911455,1.0379149224566764,1.0406121886745687,-0.0025919994472944907
2023-02-20,-0.0032016774475529253,1.0345918536569683,1.0406121886745687,-0.0057853781486728595
2023-02-21,-0.00022759541612694988,1.0343563852935136,1.0406121886745687,-0.006011656839252644
2023-02-22,-0.0123288758616018,1.0216039338225746,1.0406121886745687,-0.018266415729960794
2023-02-23,-0.0022283658945583254,1.0193274264586978,1.0406121886745687,-0.020454077366690693
2023-02-24,-0.0021397189325220623,1.017146352265865,1.0406121886745687,-0.022550030322624037
2023-02-27,-0.009590031357775424,1.0073918868521885,1.0406121886745687,-0.03192380618248669
2023-02-28,-0.010931540971318425,0.99637954116689,1.0406121886745687,-0.042506370758560896
2023-03-01,0.004811733036126425,1.0011738535216432,1.0406121886745687,-0.03789916703085927
2023-03-02,-0.010104820892889674,0.9910571710491629,1.0406121886745687,-0.047621023628912296
2023-03-03,0.018812836401011626,1.0097017674721602,1.0406121886745687,-0.029704073754680094
2023-03-06,0.01104115483312135,1.0208500410220966,1.0406121886745687,-0.018990886199058643
2023-03-08,0.0016882521765596748,1.0225734933257933,1.0406121886745687,-0.017334695427459246
2023-03-09,-0.011167495327430025,1.0111539086171237,1.0406121886745687,-0.028308605624700722
2023-03-10,-0.01149160708243735,0.999534125199425,1.0406121886745687,-0.03947490133424736
2023-03-13,-0.0162699517950881,0.9832717531648848,1.0406121886745687,-0.0551025983875113
2023-03-14,-0.00680949069526095,0.9765761733107956,1.0406121886745687,-0.06153686845176787
2023-03-15,-0.008119839910861225,0.9686465311227506,1.0406121886745687,-0.06915703884218483
2023-03-16,-0.001012239237628,0.9676660290965559,1.0406121886745687,-0.07009927461153864
2023-03-17,0.002117031140858225,0.9697146082141039,1.0406121886745687,-0.06813064581798456
2023-03-20,-0.0050266979692226745,0.9648401457622685,1.0406121886745687,-0.07281487160823219
2023-03-21,0.007079876339286449,0.9716710946814445,1.0406121886745687,-0.06625051555559303
2023-03-22,0.000452228497090925,0.972110512040259,1.0406121886745687,-0.06582824742958326
2023-03-23,-0.00589556581500225,0.9663793705370701,1.0406121886745687,-0.07133571847937814
2023-03-24,-0.005520387101795975,0.9610445823245156,1.0406121886745687,-0.07646230480098315
2023-03-27,0.007468613159619175,0.9682222525390451,1.0406121886745687,-0.06956475901721548
2023-03-28,0.0008623413765493249,0.9690571906491054,1.0406121886745687,-0.06876240621071628
2023-03-29,0.00277808989441125,0.9717493186375542,1.0406121886745687,-0.0661753444621146
2023-03-31,0.02271607281989335,0.9938236469224067,1.0406121886745687,-0.04496251558590414
2023-04-03,-0.005794281133896525,0.9880651533146239,1.0406121886745687,-0.050496271264008796
2023-04-05,0.0133042872369776,1.00121065592317,1.0406121886745687,-0.03786380092432384
2023-04-06,0.003906423136794775,1.0051218083942737,1.0406121886745687,-0.03410528981550687
2023-04-10,-0.00118097557830875,1.0039347840853345,1.0406121886745687,-0.03524598787945232
2023-04-11,0.0030049174635269,1.0069515252502748,1.0406121886745687,-0.032346981700423494
2023-04-12,0.006740074499725176,1.0137384535480736,1.0406121886745687,-0.025824928267200398
2023-04-13,-0.0034785169152212756,1.0102121471897962,1.0406121886745687,-0.029213612732609917
2023-04-17,-0.023224043936734273,0.9867509358980378,1.0406121886745687,-0.05175919844369137
2023-04-18,-0.00474151488207865,0.9820722416505722,1.0406121886745687,-0.05625529631606474
2023-04-19,-0.0030694735866715,0.9790577968446225,1.0406121886745687,-0.059152095756583756
2023-04-20,-0.0005155205823630498,0.978553072399026,1.0406121886745687,-0.05963712221609441
2023-04-21,0.006490265759954625,0.9849041418991158,1.0406121886745687,-0.05353391722848111
2023-04-24,0.0030424586071263254,0.987900671982831,1.0406121886745687,-0.05065433334859981
2023-04-25,-0.00018258931301310018,0.9877202918778085,1.0406121886745687,-0.05082767372168573
2023-04-26,0.000647567501905475,0.9883599074398013,1.0406121886745687,-0.05021302056947974
2023-04-27,0.009040525547678925,0.9972952004333123,1.0406121886745687,-0.04162644711708541
2023-04-28,0.012594373259603449,1.0098555084375804,1.0406121886745687,-0.029556332869945745
2023-05-02,0.006353590060745524,1.0162717163587784,1.0406121886745687,-0.023390531631954814
2023-05-03,-0.0013054266659321251,1.014945048160411,1.0406121886745687,-0.024665423674164355
2023-05-04,0.0073726102506642,1.0224278424263393,1.0406121886745687,-0.01747466197891734
2023-05-05,-0.015811741505700427,1.0062614776736631,1.0406121886745687,-0.0330100986465075
2023-05-08,0.008843022347054051,1.0151598704077112,1.0406121886745687,-0.02445898533946278
2023-05-09,-0.002644017105138205,1.0124757703459033,1.0406121886745687,-0.027038332468989124
2023-05-10,0.002323073357515025,1.0148278258331234,1.0406121886745687,-0.0247780711412644
2023-05-11,-0.0057901389002491255,1.0089518317617117,1.0406121886745687,-0.030424741567925517
2023-05-12,0.00047638092735582504,1.0094324771709837,1.0406121886745687,-0.02996285440717228
2023-05-15,0.008702730056481775,1.0182172955300484,1.0406121886745687,-0.02152088298431798
2023-05-16,-0.008879774299416901,1.0091757557579788,1.0406121886745687,-0.03020955670010994
2023-05-17,-0.004108690102291075,1.0050293653188238,1.0406121886745687,-0.03419412509579278
2023-05-18,-0.00433788337633045,1.0006696651422833,1.0406121886745687,-0.0383836783453021
2023-05-19,0.0057841997796982,1.00645773839895,1.0406121886745687,-0.032821497429432855
2023-05-22,0.0080745173787945,1.0145843988986745,1.0406121886745687,-0.02501199780203034
2023-05-23,0.003359400622648675,1.0179927943600644,1.0406121886745687,-0.02173662250037134
2023-05-24,-0.0024593877166932004,1.015489155385933,1.0406121886745687,-0.02414255143468469
2023-05-25,0.004519030991789175,1.020078182350948,1.0406121886745687,-0.01973262138104981
2023-05-26,0.011681022338795425,1.0319937383863074,1.0406121886745687,-0.008282096233409253
2023-05-29,0.00697522273996135,1.0391921245777973,1.0406121886745687,-0.0013646429594296183
2023-05-30,0.00236935180868505,1.041654336317737,1.041654336317737,0.0
2023-05-31,-0.0124144718297469,1.0287227479031869,1.041654336317737,-0.012414471829746865
2023-06-01,-0.004763411356638425,1.0238225182829925,1.041654336317737,-0.017118747950284785
2023-06-02,-0.002207709162694,1.0215622159284068,1.041654336317737,-0.019288663896275038
2023-06-05,0.0014264495885202002,1.0230194229309655,1.041654336317737,-0.017889728614432943
2023-06-06,-0.0042343187243568,1.0186876326330683,1.041654336317737,-0.022048296525943978
2023-06-07,0.005787175523898125,1.02458295676714,1.041654336317737,-0.01638871836404443
2023-06-08,-0.001478516489844675,1.023068093970346,1.041654336317737,-0.01784300386354043
2023-06-09,-0.007270660159445774,1.0156297135391157,1.041654336317737,-0.02498393360567075
2023-06-12,0.0029796324469074245,1.0186559167876201,1.041654336317737,-0.022078744097986158
2023-06-13,0.011445942522130999,1.030315393861,1.041654336317737,-0.0108855136117616
2023-06-14,0.0014437907264743248,1.0318029536720001,1.041654336317737,-0.009457439288892755
2023-06-15,-0.0035959921465586503,1.0280925983537996,1.041654336317737,-0.013019422558042004
2023-06-16,0.009436713458765475,1.037794413613542,1.041654336317737,-0.0037055696593555343
2023-06-19,-0.0015340459194459,1.0362023893281143,1.041654336317737,-0.005233931064786312
2023-06-20,0.0024440449600106,1.0387349145553024,1.041654336317737,-0.0028026780676158047
2023-06-21,0.0010952953571643003,1.0398726360845394,1.041654336317737,-0.0017104524707265423
2023-06-22,-0.004674241191319876,1.0350120205752267,1.041654336317737,-0.006376698594651953
2023-06-23,-0.00690922717751254,1.0278608873936161,1.041654336317737,-0.013241867712931454
2023-06-26,-0.0015267372696948249,1.0262916138687705,1.041654336317737,-0.014748388129668832
2023-06-27,0.00500870181893225,1.03143200254191,1.041654336317737,-0.009813556589187922
2023-06-28,0.01111739403972295,1.0428988385393487,1.0428988385393487,0.0
2023-06-30,0.0152161189075041,1.0587677112750615,1.0587677112750615,0.0
2023-07-03,0.015232030837462125,1.0748948937029124,1.0748948937029124,0.0
2023-07-04,0.002464523855988975,1.077543997811124,1.077543997811124,0.0
2023-07-05,-0.003261945420702676,1.0740291081018585,1.077543997811124,-0.0032619454207026832
2023-07-06,0.0042392783328693995,1.0785822164287056,1.0785822164287056,0.0
2023-07-07,-0.0081170331434407,1.069827328830028,1.0785822164287056,-0.00811703314344081
2023-07-10,0.007477245687158624,1.0778266906105267,1.0785822164287056,-0.0007004805073465015
2023-07-11,0.009071174427946652,1.0876038445241512,1.0876038445241512,0.0
2023-07-12,-0.0053527709383501,1.0817821502727445,1.0876038445241512,-0.005352770938350071
2023-07-13,0.004816010613332724,1.086992024589772,1.0876038445241512,-0.0005625393266671663
2023-07-14,0.011928888086935952,1.0999586308024953,1.0999586308024953,0.0
2023-07-17,0.00952101771547285,1.1104313564126531,1.1104313564126531,0.0
2023-07-18,0.011173819403470175,1.1228391158491586,1.1228391158491586,0.0
2023-07-19,0.00634692768407895,1.1299656945183083,1.1299656945183083,0.0
2023-07-20,0.0028687780392231254,1.133207315287818,1.133207315287818,0.0
2023-07-21,-0.030861665967644322,1.0982346496513142,1.133207315287818,-0.03086166596764439
2023-07-24,-0.013458525743025349,1.0834540303470996,1.133207315287818,-0.043904839184771505
2023-07-25,-0.0026239988592818247,1.0806110482073845,1.133207315287818,-0.04641363179611557
2023-07-26,0.011243715806280776,1.0927611317305557,1.133207315287818,-0.03569177767528753
2023-07-27,-0.007935248404890075,1.0840898007030648,1.133207315287818,-0.043343802958312194
2023-07-28,-0.0024273609936781007,1.081458323407194,1.133207315287818,-0.045665952895371564
2023-07-31,0.004654838455175075,1.0864923371986588,1.133207315287818,-0.04122368207382621
2023-08-01,-0.0005935973413847247,1.0858473982358627,1.133207315287818,-0.041792809147129906
2023-08-02,-0.009999110034079875,1.074989890620683,1.133207315287818,-0.05137402828391435
2023-08-03,-0.0036845203137351496,1.071029068531631,1.133207315287818,-0.054869259946839
2023-08-04,0.008984262119595476,1.0806514744210254,1.133207315287818,-0.046377957640914236
2023-08-07,0.003910525306932525,1.0848773893597228,1.133207315287818,-0.04264879451102033
2023-08-08,-0.003613976614268725,1.0809566678452278,1.133207315287818,-0.04610863937929943
2023-08-09,0.00597733225212215,1.0874179049990855,1.133207315287818,-0.04040691378444072
2023-08-10,-0.00581654199809625,1.0810928930851766,1.133207315287818,-0.04598842727149621
2023-08-11,-0.0063157801958299,1.0742649480011768,1.133207315287818,-0.0520137546691275
2023-08-14,0.005939476624473375,1.0806455195483209,1.133207315287818,-0.04638321252466249
2023-08-16,0.00412720177129045,1.085105561650738,1.133207315287818,-0.04244744363026187
2023-08-17,-0.011352722972465677,1.0727866588134354,1.133207315287818,-0.05331827253430377
2023-08-18,-0.0028341020049316747,1.0697462719928281,1.133207315287818,-0.05600126511614656
2023-08-21,0.0026747537603804498,1.0726075798564938,1.133207315287818,-0.05347630095022171
2023-08-22,0.0021783522288255,1.0749440969687292,1.133207315287818,-0.05141443894076059
2023-08-23,-0.00044947154845142507,1.074460940180966,1.133207315287818,-0.05184080116172851
2023-08-24,-0.002324295761209425,1.0719635751721182,1.133207315287818,-0.05404460356854013
2023-08-25,-0.008772750260822075,1.0625595064384352,1.133207315287818,-0.06234323401931019
2023-08-28,-0.001772857805324375,1.0606757395238242,1.133207315287818,-0.06400556613559427
2023-08-29,-0.000788358087755425,1.0598395472260846,1.133207315287818,-0.06474346491762539
2023-08-30,0.0025586985010708496,1.0625513570869476,1.133207315287818,-0.06235042542319347
2023-08-31,-0.003988535669737275,1.0583133330982786,1.133207315287818,-0.066090274197107
2023-09-01,0.0033343821196214,1.0618421541531184,1.133207315287818,-0.06297626230604925
2023-09-04,0.00302891421300095,1.0650583829457962,1.133207315287818,-0.0601380977890289
2023-09-05,0.005370084380108425,1.070777836331957,1.133207315287818,-0.05509096006850689
2023-09-06,0.0060052662685492995,1.0772081423535913,1.133207315287818,-0.049416529684158994
2023-09-07,-2.4730058543150242e-05,1.0771815029331677,1.133207315287818,-0.04944003766903016
2023-09-08,0.002370598105278525,1.0797350673630624,1.133207315287818,-0.047186642023374525
2023-09-11,0.007724482747283625,1.0880754622625453,1.133207315287818,-0.039826651678302905
2023-09-12,0.00355170617550705,1.0919399866012809,1.133207315287818,-0.0364163980675114
2023-09-13,0.0031639068245279,1.0953947829768635,1.133207315287818,-0.03336770933335398
2023-09-14,-0.00044468665956884986,1.0949076755299123,1.133207315287818,-0.03379755781772209
2023-09-15,0.00321451658791795,1.098427274415142,1.133207315287818,-0.03069168404004019
2023-09-18,-0.00830776944348285,1.0893017938688676,1.133207315287818,-0.038744474048686306
2023-09-20,-0.015362522459094374,1.0725673705958252,1.133207315287818,-0.053511783655042056
2023-09-21,-0.0045543994302398505,1.0676824703742898,1.133207315287818,-0.05782246904829225
2023-09-22,-0.0082459895556563,1.058878371874826,1.133207315287818,-0.06559165512809406
2023-09-25,-0.005276892090394175,1.0532907849695903,1.133207315287818,-0.07052242713234691
2023-09-26,-0.001069307168850525,1.052164493582338,1.133207315287818,-0.0715163241643002
2023-09-27,0.00593414086836645,1.058408185903949,1.133207315287818,-0.06600657123791254
2023-09-28,-0.01355879400895655,1.044057447333884,1.133207315287818,-0.07867039574421675
2023-09-29,0.0029696836326684748,1.047157967646797,1.133207315287818,-0.07593433829816532
2023-10-03,-0.008720141095052775,1.0380266024201081,1.133207315287818,-0.08399232124929878
2023-10-04,0.002862168672305675,1.0409976096425748,1.133207315287818,-0.08137055276758709
2023-10-05,0.004285293016780449,1.0454585894296613,1.133207315287818,-0.07743395641235318
2023-10-06,0.00624703845021995,1.051989609435941,1.133207315287818,-0.07167065086519386
2023-10-09,-0.006541562600790175,1.045107953550435,1.133207315287818,-0.07774337541670995
2023-10-10,0.0081020500827467,1.0535754705319775,1.133207315287818,-0.07027120605519133
2023-10-11,0.008427934697438674,1.0624549357964443,1.133207315287818,-0.06243551249349599
2023-10-12,-0.0013401814584504004,1.0610310533910507,1.133207315287818,-0.06369201903575383
2023-10-13,-0.00944833199498491,1.0510060797416234,1.133207315287818,-0.0725385676894581
2023-10-16,-0.0007012008155870749,1.0502691134213216,1.133207315287818,-0.07318890440221992
2023-10-17,0.0070430981155829,1.0576662618349142,1.133207315287818,-0.0666612829213139
2023-10-18,-0.008118156134733826,1.049079961982898,1.133207315287818,-0.07423827235315072
2023-10-19,-0.004599173624273775,1.0442550610919923,1.133207315287818,-0.07849601127330619
2023-10-20,-0.0073010909048921,1.036630859963066,1.133207315287818,-0.08522399566422045
2023-10-23,-0.0112805253540391,1.0249371192644734,1.133207315287818,-0.09554314957439669
2023-10-25,-0.010851021787108799,1.013815504252918,1.133207315287818,-0.10535743056386482
2023-10-26,-0.00999262186363015,1.0036848292794331,1.133207315287818,-0.11429725546334657
2023-10-27,0.00889318376648875,1.012610782909852,1.133207315287818,-0.10642053819369857
2023-10-30,0.005367172298304025,1.0180456394528496,1.133207315287818,-0.10162454325995851
2023-10-31,-0.006868198414550875,1.0110535000060192,1.133207315287818,-0.1077947641476118
2023-11-01,-0.002079028633230725,1.0089514908297785,1.133207315287818,-0.10964968437966738
2023-11-02,0.007597563403616425,1.0166170637525311,1.133207315287818,-0.10288519140531194
2023-11-03,0.00579734916229165,1.0225107478354483,1.133207315287818,-0.09768430362122604
2023-11-06,0.007667780496731425,1.0303511358053992,1.133207315287818,-0.09076554492263833
2023-11-07,-0.0041810146644597,1.026043222597054,1.133207315287818,-0.0945670675127489
2023-11-08,0.0021123362620495503,1.028210570902576,1.133207315287818,-0.09265448869660209
2023-11-09,-0.00807252852556445,1.0199103117386779,1.133207315287818,-0.0999790612191418
2023-11-10,0.001610423299068,1.0215527990676614,1.133207315287818,-0.09852964652968021
2023-11-13,5.849525323970004e-05,1.0216125550573405,1.133207315287818,-0.09847691479306586
2023-11-15,0.017276717000470777,1.039262666055194,1.133207315287818,-0.08290155558055445
2023-11-16,0.005337700574141076,1.0448099389844803,1.133207315287818,-0.07800635868723282
2023-11-17,-0.00201381098109155,1.0427058892561998,1.133207315287818,-0.07986307960660499
2023-11-20,-0.002201049018906471,1.0404108424816445,1.133207315287818,-0.0818883460724964
2023-11-21,0.005364993173020026,1.0459926395486945,1.133207315287818,-0.07696268331710532
2023-11-22,0.0053312459022793746,1.0515690835221028,1.133207315287818,-0.07204174440488875
2023-11-23,0.0011137175980748,1.0527402345160128,1.133207315287818,-0.07100826096535362
2023-11-24,-0.0018840609986265498,1.0507568076984761,1.133207315287818,-0.07275853806891508
2023-11-28,-0.001045088838771125,1.0496586734864877,1.133207315287818,-0.07372758777162514
2023-11-29,0.00969443878939395,1.059834525246359,1.133207315287818,-0.06474789656897273
2023-11-30,-0.0040400222857313,1.0555527701451763,1.133207315287818,-0.0685263359096111
2023-12-01,0.0087681372449158,1.0648080017030603,1.133207315287818,-0.060359046982842
2023-12-04,0.015820222827298,1.0816535015582927,1.133207315287818,-0.045493717728455896
2023-12-05,0.0009922592410346,1.0827267822408113,1.133207315287818,-0.044546600049246377
2023-12-06,0.01288918343887115,1.0966822463512917,1.133207315287818,-0.03223158590998798
2023-12-07,-0.004208116794305275,1.0920672793724044,1.133207315287818,-0.03630406842631839
2023-12-08,0.0027779404329635,1.0951009772232896,1.133207315287818,-0.033626978532917295
2023-12-11,0.0014263222035789751,1.0966629440622644,1.133207315287818,-0.032248619235458964
2023-12-12,-0.00780355394961125,1.088105075613735,1.133207315287818,-0.0398005193450659
2023-12-13,-0.0027194015942200245,1.085146080936432,1.133207315287818,-0.04241168734352829
2023-12-14,0.017543676498866477,1.1041835327343936,1.133207315287818,-0.025612067767187607
2023-12-15,0.015940636406965598,1.1217849209562714,1.133207315287818,-0.010079704020129365
2023-12-18,-0.0033829564044854247,1.1179899714734671,1.133207315287818,-0.013428561225344526
2023-12-19,0.004752681596921925,1.1233034218364324,1.133207315287818,-0.008739701304231406
2023-12-20,-0.00871348841070505,1.1135155304885553,1.133207315287818,-0.017377036428908976
2023-12-21,0.008167324268804625,1.1226099729044055,1.133207315287818,-0.009351636051450063
2023-12-22,0.00434953996573655,1.1274928098474875,1.133207315287818,-0.005042771400464385
2023-12-26,0.0006579472988387999,1.1282346406961867,1.133207315287818,-0.004388141979447258
2023-12-27,0.00805604687434465,1.1373237518468946,1.1373237518468946,0.0
2023-12-28,0.0052120022127025495,1.1432514857580798,1.1432514857580798,0.0
2023-12-29,-0.005627192319834925,1.136818189777782,1.1432514857580798,-0.005627192319834884
2024-01-01,0.0034699151543239252,1.1407628524422029,1.1432514857580798,-0.0021768030454180076
2024-01-02,0.0007145085061263745,1.1415779372037458,1.1432514857580798,-0.0014638498835838343
2024-01-03,-0.010140127921997526,1.1300021908875697,1.1432514857580798,-0.011589134180503224
2024-01-04,0.0073378536328329745,1.1382939815690833,1.1432514857580798,-0.004336319918017972
2024-01-05,0.0017798254656326755,1.1403199461848565,1.1432514857580798,-0.00256421234500237
2024-01-08,-0.010785172484916875,1.1280213988772618,1.1432514857580798,-0.01332172935749043
2024-01-09,-0.002051237598459075,1.1257075589720185,1.1432514857580798,-0.015345640923814852
2024-01-10,0.0053590401984524244,1.1317402710322513,1.1432514857580798,-0.010068838631944188
2024-01-11,0.000947976521298949,1.1328131342373984,1.1432514857580798,-0.009130407133264962
2024-01-12,0.022831004033796603,1.1586763954747104,1.1586763954747104,0.0
2024-01-15,0.015663310271575425,1.1768251033613815,1.1768251033613815,0.0
2024-01-16,-0.0031446353281125252,1.1731244175663416,1.1768251033613815,-0.0031446353281125994
2024-01-17,-0.025154664444149873,1.1436148664912216,1.1768251033613815,-0.02822019752578442
2024-01-18,-0.0074026256798239,1.1351491137127052,1.1768251033613815,-0.035413919646714365
2024-01-19,0.0030500199158974253,1.1386113411170422,1.1768251033613815,-0.032471912891039456
2024-01-23,-0.0235056172836649,1.1118475786979047,1.1768251033613815,-0.05521425781781897
2024-01-24,0.015282046289133676,1.1288388848620272,1.1768251033613815,-0.04077599837247736
2024-01-25,-0.0071217426987481,1.1207995847756982,1.1768251033613815,-0.047607344902532045
2024-01-29,0.015907049060907598,1.1386281987581701,1.1768251033613815,-0.03245758821264855
2024-01-30,-0.016065865821650427,1.1203351508961739,1.1768251033613815,-0.04800199477718026
2024-01-31,0.009961512137072276,1.1314953830994148,1.1768251033613815,-0.03851865509368457
2024-02-01,0.0008387693947339361,1.1324444467970414,1.1768251033613815,-0.03771219396796943
2024-02-02,0.0058932322068810244,1.1391182048834092,1.1768251033613815,-0.03204120847717262
2024-02-05,-0.005500020772986925,1.1328530310936629,1.1768251033613815,-0.037365001937943565
2024-02-06,0.00038527443350972585,1.1332894904034674,1.1768251033613815,-0.03699412328438845
2024-02-07,-0.004865816527163024,1.127775111671002,1.1768251033613815,-0.041679933195066354
2024-02-08,-0.013551274660534601,1.1124923213774331,1.1768251033613815,-0.05466639163304188
2024-02-09,-0.0008585744358289248,1.1115371639102425,1.1768251033613815,-0.055478030902515685
2024-02-12,-0.007454629121355075,1.1032510665986888,1.1768251033613815,-0.06251909187910942
2024-02-13,0.0035958015015128495,1.1072181384405102,1.1768251033613815,-0.05914809662204856
2024-02-14,0.0011395332434557502,1.1084798503170203,1.1768251033613815,-0.058075964600980745
2024-02-15,0.00047632686377087406,1.1090078490476751,1.1768251033613815,-0.05762730087928869
2024-02-16,0.003536380383986125,1.112929722650734,1.1768251033613815,-0.05429471255171414
2024-02-19,0.004398956562825225,1.1178254521581517,1.1768251033613815,-0.05013459607099502
2024-02-20,0.0020012246020849993,1.1200624719538474,1.1768251033613815,-0.04823370205598276
2024-02-21,-0.009268240194628899,1.1096814639307895,1.1768251033613815,-0.057054900714480605
2024-02-22,0.009764278184318574,1.1205167024405915,1.1768251033613815,-0.047847722452516894
2024-02-23,-0.00032044371282795,1.1201576399081759,1.1768251033613815,-0.04815283366351175
2024-02-26,-0.004581982612370375,1.1150250970790028,1.1768251033613815,-0.052514180829299484
2024-02-27,0.0010514073682980248,1.116197442681909,1.1768251033613815,-0.05151798725766543
2024-02-28,-0.007528227644768175,1.1077944542368916,1.1768251033613815,-0.058658375766557524
2024-02-29,-0.0010036645326620252,1.1066826002336945,1.1768251033613815,-0.05960316696791901
2024-03-01,0.009334438874467174,1.1170128613190122,1.1768251033613815,-0.05082509021223858
2024-03-04,1.1813684186749631e-05,1.1170260573561883,1.1768251033613815,-0.05081387695961648
2024-03-05,-0.006262593312042849,1.1100305774400119,1.1768251033613815,-0.05675824362565307
2024-03-06,0.003536253060614225,1.1139559264668595,1.1768251033613815,-0.05342270207777511
2024-03-07,-7.403274878782506e-05,1.1138734572475946,1.1768251033613815,-0.05349277979708056
2024-03-11,-0.01020723884830655,1.1025038848226794,1.1768251033613815,-0.06315400506533841
2024-03-12,0.005969845837182925,1.109085663049966,1.1768251033613815,-0.057561178902396315
2024-03-13,0.003703170592159675,1.1131927964615584,1.1768251033613815,-0.05407116717519811
2024-03-14,0.0038739710490819246,1.117505273127097,1.1768251033613815,-0.050406666262343025
2024-03-15,-0.0060410511747067755,1.1107543665841315,1.1768251033613815,-0.05614320818661267
2024-03-18,-0.0031707287484116,1.1072324657815795,1.1768251033613815,-0.05913592205079887
2024-03-19,-0.013057976701041224,1.0927742500407671,1.1768251033613815,-0.07142170325950625
2024-03-20,0.0028018954823351254,1.0958360892751686,1.1768251033613815,-0.06881992392487446
2024-03-21,0.007116661658046675,1.103634783955217,1.1768251033613815,-0.06219303038073376
2024-03-22,-0.0028144450086331,1.1005286645461603,1.1768251033613815,-0.06483243652544002
2024-03-26,-0.008572772848344125,1.0910940822919146,1.1768251033613815,-0.07284941562224678
2024-03-27,0.01030633357005725,1.1023392618603307,1.1768251033613815,-0.06329389242997607
2024-03-28,0.002674037305234025,1.1052869581695695,1.1768251033613815,-0.06078910535429316
2024-04-01,0.0023244254312999,1.107856115284023,1.1768251033613815,-0.0586059796654248
2024-04-02,-0.0005975880931004751,1.1071940736606607,1.1768251033613815,-0.059168545522892635
2024-04-03,-0.0029701406375978253,1.1039055515487737,1.1768251033613815,-0.06196294725896545
2024-04-04,0.005747424380038975,1.1102501652290055,1.1768251033613815,-0.05657165023266164
2024-04-05,0.004670042817908475,1.115435081039215,1.1768251033613815,-0.05216579944361932
2024-04-08,0.004455045613918125,1.1204043952046092,1.1768251033613815,-0.04794315484570899
2024-04-09,-0.0019701766006570004,1.1181970006819038,1.1768251033613815,-0.049818874964527415
2024-04-10,0.0089645704417281,1.1282211564622457,1.1768251033613815,-0.04130090933674646
2024-04-12,-0.01250843906074105,1.114108870879599,1.1768251033613815,-0.053292738489895575
2024-04-15,-0.009623808704684725,1.1033869002300614,1.1768251033613815,-0.06240366807400488
2024-04-16,-0.006552689350833175,1.096156748639075,1.1768251033613815,-0.06854744557359649
2024-04-18,-0.005943098722999625,1.0896421808660308,1.1768251033613815,-0.07408316006034277
2024-04-19,0.009224232448221225,1.0996932936277257,1.1768251033613815,-0.06554228790101702
2024-04-22,0.00266788467595375,1.1026271485140442,1.1768251033613815,-0.0630492624905814
2024-04-23,-0.0002515643903756252,1.1023497667876165,1.1768251033613815,-0.06328496593167499
2024-04-24,-0.003081559243133575,1.098952810674606,1.1768251033613815,-0.06617150880309042
2024-04-25,0.007919750277278126,1.1076562425016618,1.1768251033613815,-0.05877582035100348
2024-04-26,-0.00145391549042315,1.1060458039326246,1.1768251033613815,-0.060144280765756064
2024-04-29,0.0051729445958510496,1.1117673175968417,1.1768251033613815,-0.05528245920206354
2024-04-30,-0.005128544509532275,1.106065569424303,1.1768251033613815,-0.0601274851589817
2024-05-02,0.0027704206346729505,1.1091298363011373,1.1768251033613815,-0.0575236429499042
2024-05-03,-0.008737877906946875,1.099438395208586,1.1768251033613815,-0.06575888628799198
2024-05-06,-0.0013009462533701498,1.098008084947528,1.1768251033613815,-0.06697428376462
2024-05-07,-2.9081633544224706e-05,1.097976153078773,1.1768251033613815,-0.06700141767658685
2024-05-08,-0.002853938273079125,1.0948425969125735,1.1768251033613815,-0.06966413803940807
2024-05-09,-0.017099424142615526,1.0761214189785626,1.1768251033613815,-0.08557234553815818
2024-05-10,0.0030345944573528,1.0793870110720336,1.1768251033613815,-0.08279742844627813
2024-05-13,0.001057467440923675,1.080528427692398,1.1768251033613815,-0.08182751659012866
2024-05-14,0.0030507946781960747,1.0838248980692418,1.1768251033613815,-0.07902636086407566
2024-05-15,-0.006449561106009799,1.0768347031609293,1.1768251033613815,-0.0849662366267071
2024-05-16,0.0133953694618722,1.0912593018591354,1.1768251033613815,-0.07270902129623447
2024-05-17,0.003728040520214525,1.0953275607545272,1.1768251033613815,-0.06925204295359755
2024-05-21,-0.003447391409054275,1.0915515379314817,1.1768251033613815,-0.07246069546471412
2024-05-22,0.010869930745771625,1.1034166275542374,1.1768251033613815,-0.062378407460434326
2024-05-23,0.013918208728213475,1.1187742104907188,1.1768251033613815,-0.04932839442738868
2024-05-24,-0.001012094328972825,1.11764190545688,1.1768251033613815,-0.05029056376810426
2024-05-27,-0.0022615395169438253,1.1151143141218969,1.1768251033613815,-0.05243836918775713
2024-05-28,-0.0034343946594732,1.1112845714767745,1.1768251033613815,-0.05569266979214038
2024-05-29,-0.007881658572860176,1.1025258059071072,1.1768251033613815,-0.06313537775668798
2024-05-30,-0.00984551108375555,1.0916708758649223,1.1768251033613815,-0.07235928877896303
2024-05-31,0.0016643491693588248,1.0934877973803814,1.1768251033613815,-0.07081537073177879
2024-06-03,0.0227130228878635,1.1183242107498814,1.1768251033613815,-0.04971077898015874
2024-06-04,-0.0438522269142235,1.0692832036964077,1.1768251033613815,-0.09138307753446151
2024-06-05,0.03140238671863655,1.102861248370625,1.1768251033613815,-0.06285033755610114
2024-06-06,0.01351331180560225,1.117764556298173,1.1768251033613815,-0.05018634195898186
2024-06-07,0.021455888672768923,1.1417471881804737,1.1768251033613815,-0.0298072458521782
2024-06-10,-0.008467018244286775,1.1320799939077866,1.1768251033613815,-0.038021885602022576
2024-06-11,-0.004839845151339825,1.1266009020383432,1.1768251033613815,-0.04267771071468662
2024-06-12,0.00046758290445595005,1.127127681360281,1.1768251033613815,-0.042230083178162126
2024-06-13,0.0016933361638191498,1.12903628742437,1.1768251033613815,-0.04060825674138968
2024-06-14,0.004301578194131451,1.1338929252987378,1.1768251033613815,-0.03648135813895881
2024-06-18,0.0024643087556607247,1.136687187562533,1.1768251033613815,-0.03410695071357839
2024-06-19,0.0032259657184226507,1.14035410146218,1.1768251033613815,-0.030991012848917587
2024-06-20,0.00477699195522115,1.1458015638309684,1.1768251033613815,-0.026362064712759814
2024-06-21,-0.0031783131643915753,1.142159847636864,1.1768251033613815,-0.02945659097983433
2024-06-24,0.00010964761765160005,1.1422850827431348,1.1768251033613815,-0.029350173207207675
2024-06-25,0.010443542665655324,1.1542145857411044,1.1768251033613815,-0.019213150327686224
2024-06-26,0.0090361121044469,1.1646441981304487,1.1768251033613815,-0.010350650403479933
2024-06-27,0.00821351924268485,1.1742100256626744,1.1768251033613815,-0.0022221464270583136
2024-06-28,0.0024122000057867497,1.1770424550933727,1.1770424550933727,0.0
2024-07-01,0.008618196337532524,1.1871864380689787,1.1871864380689787,0.0
2024-07-02,0.007214485900818924,1.1957513778880708,1.1957513778880708,0.0
2024-07-03,0.006084568055191175,1.2030270085239194,1.2030270085239194,0.0
2024-07-04,-0.0015989659462891245,1.2011034093048236,1.2030270085239194,-0.0015989659462890549
2024-07-05,-0.003680407039873825,1.1966828598616017,1.2030270085239194,-0.005273488140637661
2024-07-08,0.007888701867627149,1.2061231341731495,1.2061231341731495,0.0
2024-07-09,0.0029116787238679,1.2096349772412864,1.2096349772412864,0.0
2024-07-10,-0.00451773754859805,1.204170163884506,1.2096349772412864,-0.0045177375485980775
2024-07-11,0.0034522420936475505,1.2083272508121825,1.2096349772412864,-0.0010810917786837626
2024-07-12,0.011816149643180176,1.2226050264257118,1.2226050264257118,0.0
2024-07-15,0.001668453577385925,1.2246448861557817,1.2246448861557817,0.0
2024-07-16,0.00029725887251169994,1.2250089227138676,1.2250089227138676,0.0
2024-07-18,0.008048211176812025,1.234868053217348,1.234868053217348,0.0
2024-07-19,0.0011206015135677497,1.2362518482268399,1.2362518482268399,0.0
2024-07-22,-0.004993014129870325,1.230079225280565,1.2362518482268399,-0.004993014129870299
2024-07-23,0.011536979581142226,1.2442706241858141,1.2442706241858141,0.0
2024-07-24,-0.0003679700293775499,1.2438127698876789,1.2442706241858141,-0.0003679700293774957
2024-07-25,-0.0019107632583933998,1.241436138146657,1.2442706241858141,-0.0022780301841586192
2024-07-26,0.01668001639729045,1.2621433132871323,1.2621433132871323,0.0
2024-07-29,-0.0042885072480848,1.2567306025399785,1.2621433132871323,-0.0042885072480849384
2024-07-30,-0.0017986810159656501,1.2544701450630067,1.2621433132871323,-0.006079474607476598
2024-07-31,0.00035050707676552526,1.2549098457264423,1.2621433132871323,-0.0057310984295840806
2024-08-01,0.00227941356990335,1.2577703042577963,1.2621433132871323,-0.0034647484032116482
2024-08-02,-0.0060978735656526,1.2501005799678,1.2621433132871323,-0.009541494371164583
2024-08-05,-0.026307561951781473,1.2172134815143392,1.2621433132871323,-0.03559804286866408
2024-08-06,-0.0007040216350875251,1.216356536888833,1.2621433132871323,-0.036277002711405215
2024-08-07,0.014042065074622424,1.2334366945337683,1.2621433132871323,-0.022744341669568735
2024-08-08,-0.00542476266221695,1.2267455932070532,1.2621433132871323,-0.0280457216763198
2024-08-09,0.010024013719941573,1.2390425078642386,1.2621433132871323,-0.01830283865524729
2024-08-12,0.00228807041487725,1.2418775243692581,1.2621433132871323,-0.016056646424005394
2024-08-13,-0.010373454257608494,1.2289949646766616,1.2621433132871323,-0.026263537794403824
2024-08-14,0.0051250108529453005,1.2352935772088445,1.2621433132871323,-0.021273127857691643
2024-08-16,0.01677745671164095,1.256018661726634,1.2621433132871323,-0.004852580127804318
2024-08-19,0.0018307640315489752,1.2583181355154773,1.2621433132871323,-0.003030700025413613
2024-08-20,0.001881349185061525,1.2606854713142774,1.2621433132871323,-0.0011550526453750765
2024-08-21,0.00201356838346305,1.263223947720807,1.263223947720807,0.0
2024-08-22,0.0013414303560899499,1.2649184746708193,1.2649184746708193,0.0
2024-08-23,-0.002442992383278225,1.2618282884717305,1.2649184746708193,-0.002442992383278275
2024-08-26,0.00623330365693265,1.2696936473566824,1.2696936473566824,0.0
2024-08-27,-0.0016733877934591505,1.2675689575057631,1.2696936473566824,-0.0016733877934591579
2024-08-28,0.0030258558905036995,1.2714044385024514,1.2714044385024514,0.0
2024-08-29,0.007176403690869051,1.2805285500075076,1.2805285500075076,0.0
2024-08-30,-0.0023546785972150502,1.2775133168376822,1.2805285500075076,-0.002354678597215054
2024-09-02,0.006312358770594525,1.2855774392277737,1.2855774392277737,0.0
2024-09-03,-0.0028540465016349253,1.281908341434765,1.2855774392277737,-0.0028540465016348993
2024-09-04,-0.00233981437295865,1.2789089138726604,1.2855774392277737,-0.005187182935567858
2024-09-05,0.0007805268171609497,1.2799071365766443,1.2855774392277737,-0.004410704853793468
2024-09-06,-0.01469892712323425,1.2610938748515967,1.2855774392277737,-0.019044799347819774
2024-09-09,0.005114711190516425,1.2675440058055918,1.2855774392277737,-0.014027496805648854
2024-09-10,0.003659152815113725,1.2721821430227158,1.2855774392277737,-0.010419672744960584
2024-09-11,-0.002607898242829625,1.2688644214473677,1.2855774392277737,-0.013000397541547803
2024-09-12,0.0161040306688382,1.2892982530049537,1.2892982530049537,0.0
2024-09-13,-0.0048425395443990995,1.2830547752302526,1.2892982530049537,-0.00484253954439906
2024-09-16,-1.3209867455799955e-05,1.2830378262467332,1.2892982530049537,-0.004855685442549329
2024-09-17,-0.0015040136502784001,1.2811081198422347,1.2892982530049537,-0.006352396075640643
2024-09-18,-0.0055381937328537745,1.2740130948818162,1.2892982530049537,-0.011855409008359796
2024-09-19,0.0037986431494220754,1.278852615996963,1.2892982530049537,-0.00810180032715091
2024-09-20,0.0120985949069496,1.294324935743603,1.294324935743603,0.0
2024-09-23,0.003943305116996575,1.299428853885777,1.299428853885777,0.0
2024-09-24,-3.630650290029991e-05,1.2993816761683246,1.299428853885777,-3.630650290042947e-05
2024-09-25,0.00301181181888565,1.3032951692578516,1.3032951692578516,0.0
2024-09-26,0.00444539246800485,1.3090888277868575,1.3090888277868575,0.0
2024-09-27,0.0012243897189565581,1.3106916626888006,1.3106916626888006,0.0
2024-09-30,-0.0173236813989443,1.2879856579121272,1.3106916626888006,-0.017323681398944357
2024-10-01,5.746901630777467e-05,1.2880596771809059,1.3106916626888006,-0.017267207957565422
2024-10-03,-0.0193828794522617,1.2630933717307893,1.3106916626888006,-0.036315399199508436
2024-10-04,-0.0084705620409205,1.2523942609620682,1.3106916626888006,-0.04447834939846873
2024-10-07,-0.0034524157065524506,1.2480704753447267,1.3106916626888006,-0.04777720735295632
2024-10-08,0.0107333971650768,1.2614665114466077,1.3106916626888006,-0.03755662192983711
2024-10-09,-0.014239581280420573,1.2435037565243352,1.3106916626888006,-0.05126141263966966
2024-10-10,-0.00031095294890822524,1.2431170853642655,1.3106916626888006,-0.051556425701152486
2024-10-11,-0.0013816164790186253,1.2413995743137767,1.3106916626888006,-0.052866810972822975
2024-10-14,0.01325077619365845,1.2578490822399113,1.3106916626888006,-0.04031656105943793
2024-10-15,-0.00492757389936175,1.25165093793293,1.3106916626888006,-0.045045472124811026
2024-10-16,-0.0034845794763455,1.2472894607630602,1.3106916626888006,-0.0483730870734882
2024-10-17,0.0005843438146664002,1.2480183066445558,1.3106916626888006,-0.04781700977304937
2024-10-18,-0.010536957141289601,1.2348679912358973,1.3106916626888006,-0.05785012113173571
2024-10-21,0.0036469181008519746,1.2393714536652982,1.3106916626888006,-0.05441417768477563
2024-10-22,-0.0078776795796007,1.229608082473219,1.3106916626888006,-0.06186319980798827
2024-10-23,0.004391577327611375,1.235008001450056,1.3106916626888006,-0.05774329950606716
2024-10-24,-0.0036101864893768997,1.2305493922489485,1.3106916626888006,-0.06114502191571525
2024-10-25,0.00232071471765145,1.2334051463343376,1.3106916626888006,-0.058966207350334865
2024-10-28,0.0013064966726037252,1.2350165860539957,1.3106916626888006,-0.0577367498314304
2024-10-29,0.002073892091682375,1.2375778771849095,1.3106916626888006,-0.055782597528623024
2024-10-30,-0.004945898542416075,1.2314569425660142,1.3106916626888006,-0.06045260100323013
2024-10-31,-0.00966640396059655,1.21955318229909,1.3106916626888006,-0.0695346457020607
2024-11-01,0.00274849821057005,1.222905122038334,1.3106916626888006,-0.06697726334077536
2024-11-04,-0.012663934718778051,1.2074183314055813,1.3106916626888006,-0.07879300236896336
2024-11-05,0.0033762039027286756,1.211494821888299,1.3106916626888006,-0.07568281970834045
2024-11-06,0.013843679057098799,1.2282663673818577,1.3106916626888006,-0.06288686931742027
2024-11-07,-0.009448749728969025,1.2166607858759566,1.3106916626888006,-0.07174141675697054
2024-11-08,0.0007457155957782506,1.217568068798756,1.3106916626888006,-0.07104919985453129
2024-11-11,0.0030803853354250247,1.2213186476227655,1.3106916626888006,-0.06818767343243182
2024-11-12,-0.007483311967955175,1.2121791391703234,1.3106916626888006,-0.07516071576772299
2024-11-13,-0.010114391638731426,1.1999186846204544,1.3106916626888006,-0.08451490249133231
2024-11-14,0.0009758413331639004,1.2010896148693428,1.3106916626888006,-0.08362153429328767
2024-11-18,-0.0063247868674528,1.1934929790465834,1.3106916626888006,-0.08941743277880587
2024-11-19,0.00392370231898235,1.1981758902161577,1.3106916626888006,-0.08584457784817512
2024-11-21,-0.008087894780029775,1.188485169688121,1.3106916626888006,-0.09323817071513285
2024-11-22,0.028165488227695552,1.2219594347437626,1.3106916626888006,-0.06769878108708605
2024-11-25,0.009479145170108175,1.233542565617682,1.3106916626888006,-0.05886136249074181
2024-11-26,0.006345461617571069,1.2413699626214492,1.3106916626888006,-0.052889403389613676
2024-11-27,0.003282239734093625,1.2454444364374757,1.3106916626888006,-0.04978075935683779
2024-11-28,-0.016860505116718674,1.224445614144333,1.3106916626888006,-0.06580193572570636
2024-11-29,0.005749716073154525,1.2314858287726822,1.3106916626888006,-0.06043056210003861
2024-12-02,0.0076729758278457,1.2409349897691897,1.3106916626888006,-0.053221268514449416
2024-12-03,0.00489406639286695,1.2470082079983518,1.3106916626888006,-0.048587670543204786
2024-12-04,-0.0013440714587470248,1.245332139857158,1.3106916626888006,-0.04986643670072766
2024-12-05,0.0095096173761034,1.2571747720133635,1.3106916626888006,-0.04083103005755795
2024-12-06,-0.002968869761707525,1.2534423838475515,1.3106916626888006,-0.0436786778087882
2024-12-09,-0.004347214365645899,1.24799340110998,1.3106916626888006,-0.04783601159879125
2024-12-10,0.0012626850385772503,1.2495692237058047,1.3106916626888006,-0.046633728376365036
2024-12-11,0.0012140007865572495,1.2510862017262414,1.3106916626888006,-0.045476340972736784
2024-12-12,-0.004380451844101375,1.2456058788667599,1.3106916626888006,-0.049657585895161116
2024-12-13,0.010350362797246725,1.2584983516154142,1.3106916626888006,-0.03982119712756471
2024-12-16,-0.0041719253037273505,1.2532479904976108,1.3106916626888006,-0.043826991371370805
2024-12-17,-0.009544098198937975,1.24128686860868,1.3106916626888006,-0.05295280046089634
2024-12-18,-0.00065080812538235,1.2404790290286591,1.3106916626888006,-0.05356914647347699
2024-12-19,-0.013183937440548424,1.224124631113633,1.3106916626888006,-0.0660468316381756
2024-12-20,-0.0122839792909975,1.2090875094954332,1.3106916626888006,-0.07751949301709371
2024-12-23,0.013134048396156825,1.2249677233603349,1.3106916626888006,-0.06540358939386892
2024-12-24,-7.775888944612516e-05,1.224872471230559,1.3106916626888006,-0.065476262572838
2024-12-26,-0.003289389835273325,1.2208433881741871,1.3106916626888006,-0.06855027545555248
2024-12-27,0.00406214884176295,1.225802635729433,1.3106916626888006,-0.0647665880358338
2024-12-30,-0.007186109641748,1.2169938835899374,1.3106916626888006,-0.07148727787483444
2024-12-31,0.0003457621363518247,1.2174146739950547,1.3106916626888006,-0.07116623333240257
2025-01-01,0.0030765647568913503,1.2211601290755902,1.3106916626888006,-0.06830861610086236
2025-01-02,0.018390527393078275,1.24361790788069,1.3106916626888006,-0.051174320183370314
2025-01-03,-0.0105740169864514,1.2304678709981043,1.3106916626888006,-0.06120721903893267
2025-01-06,-0.02364057683667135,1.2013789007487183,1.3106916626888006,-0.08340082191095499
2025-01-07,0.0033354516458446496,1.2053860419805036,1.3106916626888006,-0.08034354967381818
2025-01-08,0.007266461429220325,1.2141449331618754,1.3106916626888006,-0.07366090154938931
2025-01-09,-0.007777724362231325,1.2047016485359425,1.3106916626888006,-0.08086571172309609
2025-01-10,-0.000630965999289725,1.203941522756428,1.3106916626888006,-0.08144565420778016
2025-01-13,-0.008211927380161474,1.194054842401591,1.3106916626888006,-0.08898875579015775
2025-01-14,-0.002024533137156425,1.191637438805567,1.3106916626888006,-0.09083312824238265
2025-01-15,0.0038419749078841,1.1962156799447534,1.3106916626888006,-0.08734013193401025
2025-01-16,-0.0010763591265974,1.194928122280266,1.3106916626888006,-0.08832248171248236
2025-01-17,-0.0056325167799301,1.188197669580712,1.3106916626888006,-0.09345752063212176
2025-01-20,0.0010939627589248253,1.1894975135814745,1.3106916626888006,-0.09246579692030998
2025-01-21,-0.0092430361471471,1.1785029450664994,1.3106916626888006,-0.10085416836414784
2025-01-22,0.01169307325172435,1.192283266330535,1.3106916626888006,-0.09034039029084717
2025-01-23,0.000237184928580375,1.192566057951907,1.3106916626888006,-0.0901246327412859
2025-01-24,-0.0035646628702144002,1.1883149620048479,1.3106916626888006,-0.09336803167947572
2025-01-27,-0.014404884167892675,1.1711974226221944,1.3106916626888006,-0.10642796016604139
2025-01-28,0.005676679749905925,1.1778459353143358,1.3106916626888006,-0.10135543786243384
2025-01-29,0.007086293364505451,1.1861924971501636,1.3106916626888006,-0.09498737886470932
2025-01-30,0.004481292897354175,1.1915081731625374,1.3106916626888006,-0.09093175223359995
2025-01-31,0.0126201288206277,1.2065451597986796,1.3106916626888006,-0.07945919384004552
2025-02-01,0.0033774410945425493,1.2106201950038051,1.3106916626888006,-0.0763501214921175
2025-02-03,-0.008429654902383024,1.2004150845420674,1.3106916626888006,-0.08413617121856698
2025-02-04,0.019480629199359674,1.2237999256893493,1.3106916626888006,-0.06629456757297014
2025-02-05,-0.0029818366414128498,1.2201507542291705,1.3106916626888006,-0.06907872464366727
2025-02-06,4.3922839164125074e-05,1.2202043467145047,1.3106916626888006,-0.06903783593821511
2025-02-07,-0.011863592998146075,1.2057283389705151,1.3106916626888006,-0.08008239214931745
2025-02-10,-0.010212701484292,1.193414595373458,1.3106916626888006,-0.08947723606844038
2025-02-11,-0.011666584318201698,1.179491523369961,1.3106916626888006,-0.10009992666749001
2025-02-12,-0.009597826803124501,1.1681709680129027,1.3106916626888006,-0.10873701171145456
2025-02-13,-0.00421758971418875,1.1632441021537976,1.3106916626888006,-0.11249599332349736
2025-02-14,0.001935876422639,1.165495998984931,1.3106916626888006,-0.11077789524197468
2025-02-17,0.00198573346278175,1.1678103633908536,1.3106916626888006,-0.10901213715271141
2025-02-18,0.00019163220352809982,1.168034153464093,1.3106916626888006,-0.10884139518523739
2025-02-19,-0.0038251761092781998,1.163566217125441,1.3106916626888006,-0.11225023378995258
2025-02-20,-0.0053685598330245506,1.1573195422691172,1.3106916626888006,-0.1170161715266047
2025-02-21,-0.00228855705911205,1.1546709504610089,1.3106916626888006,-0.11903693040033925
2025-02-24,-0.01143055730138225,1.1414724179975229,1.3106916626888006,-0.1291068292477997
2025-02-25,0.0009562177010947999,1.1425639141289237,1.3106916626888006,-0.12827406578216383
2025-02-27,0.0008827663447090997,1.1435725310989957,1.3106916626888006,-0.12750453546562623
2025-02-28,-0.011752644931612224,1.1301325291874442,1.3106916626888006,-0.13775866486474075
2025-03-03,-0.005815249992670225,1.1235605260053705,1.3106916626888006,-0.14277281378256612
2025-03-04,-0.005359904976094275,1.1175383483510912,1.3106916626888006,-0.14736747004361617
2025-03-05,0.009917308846514924,1.1286213212995133,1.3106916626888006,-0.13891164991145322
2025-03-06,0.008444462269891425,1.138151921464222,1.3106916626888006,-0.13164022182808754
2025-03-07,0.0025619392668610004,1.1410677975634744,1.3106916626888006,-0.12941553681462625
2025-03-10,0.0004324230850139251,1.141561221620707,1.3106916626888006,-0.1290390759952904
2025-03-11,-0.0036141664726673257,1.1374354293270281,1.3106916626888006,-0.1321868737658316
2025-03-12,-0.0010702839469884486,1.1362180504462835,1.3106916626888006,-0.13311568022382592
2025-03-13,-0.0044253182259351,1.1311899239990073,1.3106916626888006,-0.1369519192039086
2025-03-17,-0.002129844682677175,1.12878066515428,1.3106916626888006,-0.13879007756968698
2025-03-18,0.0007047394668913,1.129576161438478,1.3106916626888006,-0.13818314894807182
2025-03-19,0.002353243169718475,1.1322343288250598,1.3106916626888006,-0.13615508432978574
2025-03-20,0.01307132151552585,1.1470341277680478,1.3106916626888006,-0.12486348969750805
2025-03-21,-0.0009245455038052999,1.1459736425225087,1.3106916626888006,-0.12567259322332403
2025-03-24,0.012560090775599225,1.1603671754990355,1.3106916626888006,-0.11469096162661474
2025-03-25,0.0047166380058119755,1.1658402074196907,1.3106916626888006,-0.11051527936933414
2025-03-26,-0.0104033554349248,1.1537115573615773,1.3106916626888006,-0.11976890507198967
2025-03-27,0.005542647558983274,1.1601061739087581,1.3106916626888006,-0.11489009434234587
2025-03-28,-0.005162066925220275,1.15411762819868,1.3106916626888006,-0.11945909091152596
2025-04-01,-0.02158281862186845,1.129208516760967,1.3106916626888006,-0.1384636456415177
2025-04-02,0.00916742606684795,1.139560452352428,1.3106916626888006,-0.13056557480903452
2025-04-03,-0.009213262715436,1.1290613825247842,1.3106916626888006,-0.1385759025821629
2025-04-04,-0.012991421648838576,1.114393270036984,1.3106916626888006,-0.14976702625018823
2025-04-07,-0.027974307980994775,1.0832188894890216,1.3106916626888006,-0.17355170531346253
2025-04-08,0.0149057158831394,1.0993650424949948,1.3106916626888006,-0.1612329018407599
2025-04-09,-0.0020396694831307243,1.097122701166997,1.3106916626888006,-0.16294370949432935
2025-04-11,0.017176961050901624,1.1159679350730025,1.3106916626888006,-0.14856562619490132
2025-04-15,0.014637521558094075,1.1323029397807753,1.3106916626888006,-0.1361027371930268
2025-04-16,0.001741716851814625,1.1342750908923507,1.3106916626888006,-0.13459807277215952
2025-04-17,0.013702772427462824,1.1498178043329883,1.3106916626888006,-0.12273966710506856
2025-04-21,0.009767170750894724,1.1610482711603274,1.3106916626888006,-0.11417131564069716
2025-04-22,0.0051557737289699744,1.1670343733348418,1.3106916626888006,-0.10960418338150935
2025-04-23,0.0044555265798970995,1.1722341260048887,1.3106916626888006,-0.10563700115393648
2025-04-24,-0.0016723841734881,1.1702737002049355,1.3106916626888006,-0.10713271967856008
2025-04-25,-0.0007736981596218749,1.169368261596833,1.3106916626888006,-0.1078235294501313
2025-04-28,0.015232367321074249,1.1871805084910823,1.3106916626888006,-0.09423356973549601
2025-04-29,0.005124617721455525,1.193264354763462,1.3106916626888006,-0.08959186303546318
2025-04-30,0.0033850602415073754,1.1973036264883796,1.3106916626888006,-0.0865100766474799
2025-05-02,0.00553652098148335,1.2039325231376385,1.3106916626888006,-0.08145252052046503
2025-05-05,0.008581595026819775,1.214264184490823,1.3106916626888006,-0.07356991803866564
2025-05-06,-0.00279528842572485,1.2108699658701436,1.3106916626888006,-0.07615955732401558
2025-05-07,-0.0038774517997696503,1.2061748759416935,1.3106916626888006,-0.07974170411116943
2025-05-08,-0.0018245411377299748,1.2039741602612415,1.3106916626888006,-0.08142075322935594
2025-05-09,-0.015046485542849274,1.1858585804649067,1.3106916626888006,-0.09524214258585173
2025-05-12,0.04653118455146527,1.241037984924458,1.3106916626888006,-0.053142687748125694
2025-05-13,-0.0213610621486152,1.2145280953996944,1.3106916626888006,-0.07336856564100869
2025-05-14,0.004470273187977649,1.219957367780605,1.3106916626888006,-0.06922626998485659
2025-05-15,0.01356834812618285,1.2365101740457538,1.3106916626888006,-0.056597207989305565
2025-05-16,-0.001323310220442275,1.2348738874947582,1.3106916626888006,-0.057845622545967035
2025-05-19,-0.007094783426298551,1.2261127247041916,1.3106916626888006,-0.06453000380814244
2025-05-20,-0.00601021846773775,1.2187435193626464,1.3106916626888006,-0.07015238285526926
2025-05-21,0.00253419018289065,1.2218320472248767,1.3106916626888006,-0.06779597215231692
2025-05-22,-0.011689710435630175,1.2075491843918447,1.3106916626888006,-0.07869316730478448
2025-05-23,0.01364970283914325,1.2240318719224432,1.3106916626888006,-0.06611760281482237
2025-05-26,0.00854517054417485,1.234491433019526,1.3106916626888006,-0.058137418462672286
2025-05-27,-0.010729111082902101,1.2212464373037686,1.3106916626888006,-0.06824276672481522
2025-05-28,-0.0096035335698141,1.209518156146106,1.3106916626888006,-0.07719092859349053
2025-05-29,0.0027191333932379503,1.2128069973542104,1.3106916626888006,-0.07468168763184624
2025-05-30,-0.0012251125181142247,1.2113211723196953,1.3106916626888006,-0.0758153066795687
2025-06-02,-0.003588434571480775,1.2069744255477768,1.3106916626888006,-0.07913168298351303
2025-06-03,-0.005559347013450075,1.2002644358797971,1.3106916626888006,-0.08425110951149939
2025-06-04,0.0067165417194603744,1.2083260620377683,1.3106916626888006,-0.07810044388398396
2025-06-05,0.006159721406559475,1.215769013948206,1.3106916626888006,-0.07242179945347849
2025-06-06,0.0066133967482393,1.2238093767916614,1.3106916626888006,-0.06628735679824627
2025-06-09,0.003585487812883825,1.2281973303974407,1.3106916626888006,-0.06293954149531089
2025-06-10,0.002510340420848875,1.231280523800716,1.3106916626888006,-0.06058720074954749
2025-06-11,0.0049125093830836,1.237329200927095,1.3106916626888006,-0.05597232655864082
2025-06-12,-0.008626662610698974,1.2266551793723313,1.3106916626888006,-0.0641161347925826
2025-06-13,-0.0109366443449808,1.2132396879416074,1.3106916626888006,-0.07435156377456209
2025-06-16,0.010053196325336175,1.225436624714174,1.3106916626888006,-0.06504583831694732
2025-06-17,0.0001036897375946747,1.2255636899162297,1.3106916626888006,-0.0649488931652592
2025-06-18,-0.001600582597630725,1.2236020740018616,1.3106916626888006,-0.06644551969475432
2025-06-19,-0.0014194635781273252,1.2218652154236949,1.3106916626888006,-0.0677706662777452
2025-06-20,0.0117639119737176,1.2362391302616866,1.3106916626888006,-0.05680400245651929
2025-06-23,-0.012446670250940576,1.2208520694560099,1.3106916626888006,-0.06854365201994983
2025-06-24,0.00046724651385625,1.2214225083293972,1.3106916626888006,-0.06810843228854702
2025-06-25,0.01177422839330915,1.235803815907196,1.3106916626888006,-0.057136128132513564
2025-06-26,0.01256475120014635,1.2513313833862614,1.3106916626888006,-0.04528927816689188
2025-06-27,0.00028826036341607526,1.2516920926255901,1.3106916626888006,-0.04501407290725923
2025-06-30,-0.006381882539942725,1.2437039407142785,1.3106916626888006,-0.051108680921263416
2025-07-01,0.0059254398946619255,1.2510734336617353,1.3106916626888006,-0.04548608244349572
2025-07-02,-0.00553233738196075,1.2441520733371105,1.3106916626888006,-0.05076677547119535
2025-07-03,0.0014889079844497,1.246004501292972,1.3106916626888006,-0.04935345454408935
2025-07-04,0.0047554851501046,1.2519298571958342,1.3106916626888006,-0.044832669014175486
2025-07-07,0.002179615941137775,1.2546585834697646,1.3106916626888006,-0.042750771073104765
2025-07-08,0.003557163120844225,1.2591216087121337,1.3106916626888006,-0.03934567941850953
2025-07-09,-0.0012145813243487997,1.257592303121108,1.3106916626888006,-0.04051247221544274
2025-07-10,-0.005206593153199925,1.2510445316461607,1.3106916626888006,-0.0455081334081866
2025-07-11,-0.009692601001024875,1.2389186561664005,1.3106916626888006,-0.054759642229784466
2025-07-14,-0.004307565164573775,1.2335819333213576,1.3106916626888006,-0.0588313266670647
2025-07-15,0.005907631415038475,1.2408694807036709,1.3106916626888006,-0.05327124904563285
2025-07-16,0.005130603056013275,1.2472358894534827,1.3106916626888006,-0.04841395962277073
2025-07-17,-0.006901850181244725,1.2386276542038033,1.3106916626888006,-0.054981663908018286
2025-07-18,-0.0040767073224564,1.2335781317761136,1.3106916626888006,-0.05883422707861996
2025-07-21,-0.004374531075950901,1.2281818059040457,1.3106916626888006,-0.06295138599988581
2025-07-22,-0.0064945423444665,1.2202053271588986,1.3106916626888006,-0.0690370879023332
2025-07-23,0.004172356519453675,1.225296458810742,1.3106916626888006,-0.06515277872667302
2025-07-24,-0.01156101824944015,1.2111307840894567,1.3106916626888006,-0.0759605645122523
2025-07-25,-0.009448767490130851,1.1996870909104556,1.3106916626888006,-0.08469159828988782
2025-07-28,0.00010469444129637489,1.1998126914801688,1.3106916626888006,-0.08459577058815693
2025-07-29,0.0056818528529026255,1.2066298506442041,1.3106916626888006,-0.07939457845571418
2025-07-30,-0.0003604333253140249,1.2061949410347133,1.3106916626888006,-0.07972639532910353
2025-07-31,-0.0034437950637457,1.202041052850863,1.3106916626888006,-0.08289562902616454
2025-08-01,-0.0039104225389317996,1.1973405644250736,1.3106916626888006,-0.08648189462897349
2025-08-04,0.002777635078837,1.2006663395781354,1.3106916626888006,-0.08394447469434207
2025-08-05,-0.01034444453267175,1.1882461132261233,1.3106916626888006,-0.09342056026471401
2025-08-06,-0.004167088582677725,1.1832945864142876,1.3106916626888006,-0.09719835709732516
2025-08-07,0.001667251382335475,1.185267435949197,1.3106916626888006,-0.09569315981022086
2025-08-08,-0.008437271188657225,1.1752670131610092,1.3106916626888006,-0.10332304185865981
2025-08-11,0.008424707917525524,1.1851682944719932,1.3106916626888006,-0.09576880038994384
2025-08-12,-0.005283139340622125,1.1789068852302103,1.3106916626888006,-0.10054597981362157
2025-08-13,0.0008061403420985501,1.179857249629972,1.3106916626888006,-0.0998208936420868
2025-08-14,0.001869975820284375,1.1820635541581674,1.3106916626888006,-0.09813758047927212
2025-08-18,-0.0021770743270304,1.1794901139414913,1.3106916626888006,-0.10010100199932426
2025-08-19,0.007842442038928001,1.188740196795566,1.3106916626888006,-0.09304359626661463
2025-08-20,0.00627904622863425,1.196204351445081,1.3106916626888006,-0.08734877508021688
2025-08-21,0.0021905771864558997,1.198824729407696,1.3106916626888006,-0.0853495421277165
2025-08-22,-0.012033080383386775,1.184399175073141,1.3106916626888006,-0.09635560460999537
2025-08-25,0.008694413972436,1.1946968318098388,1.3106916626888006,-0.0884989461526029
2025-08-26,-0.005008184073779525,1.1887135701637739,1.3106916626888006,-0.09306391121371471
2025-08-28,-0.010166127629884374,1.1766289562941135,1.3106916626888006,-0.10228393924446422
2025-08-29,-0.006359607487542224,1.1691460579736064,1.3106916626888006,-0.10799306102613204
2025-09-01,0.001819347954636575,1.171273141462852,1.3106916626888006,-0.1063701900261883
2025-09-02,0.0011600265784742748,1.1726318494376022,1.3106916626888006,-0.10533355569530167
2025-09-03,0.0035533016094575747,1.17679856407551,1.3106916626888006,-0.10215453597882607
2025-09-04,-0.0008427856390598001,1.1758067751456411,1.3106916626888006,-0.10291122724199808
2025-09-05,-0.0048369970577928,1.1701194012337288,1.3106916626888006,-0.10725044299640751
2025-09-08,-0.0005909891248619,1.1694278733928098,1.3106916626888006,-0.10777804827582183
2025-09-09,0.013353710886118125,1.1850440751162654,1.3106916626888006,-0.09586357428624903
2025-09-10,0.0068718240783282,1.1931874895255294,1.3106916626888006,-0.08965050782593575
2025-09-11,-0.0008894194328048749,1.1921262453853658,1.3106916626888006,-0.09046019035491937
2025-09-12,0.0038352876733764247,1.196698392479401,1.3106916626888006,-0.08697184353454235
2025-09-15,-0.0027772062589195247,1.1933749142137682,1.3106916626888006,-0.08950751104524812
2025-09-16,0.001773539038072525,1.1954914112111825,1.3106916626888006,-0.08789271707221513
2025-09-17,0.000958105907649375,1.196636818594808,1.3106916626888006,-0.08701882169603214
2025-09-18,0.007265302351842525,1.2053307468872463,1.3106916626888006,-0.08038573739411226
2025-09-19,-0.004513491066349,1.1998904973291749,1.3106916626888006,-0.08453640815287111
2025-09-22,-0.012541137896940276,1.1848425051409415,1.3106916626888006,-0.09601736329785415
2025-09-23,-0.0045959529969618745,1.179397024678511,1.3106916626888006,-0.10017202500620692
2025-09-24,-0.0046776992055283,1.1738801601531699,1.3106916626888006,-0.1043811496099476
2025-09-25,-0.004431879800638825,1.1686776643830163,1.3106916626888006,-0.10835042470206269
2025-09-26,-0.003236487545947075,1.1648952536770143,1.3106916626888006,-0.11123623744786337
2025-09-29,0.0006195145961869251,1.165616923289696,1.3106916626888006,-0.11068563532440034
2025-09-30,-0.004917504034229025,1.1598849973670533,1.3106916626888006,-0.11505884230039043
2025-10-01,0.007822552976566425,1.1689582592056817,1.3106916626888006,-0.10813634321314114
2025-10-03,-0.00165692652733275,1.1670213812566592,1.3106916626888006,-0.10961409576483527
2025-10-06,0.007162691479190174,1.175380395360219,1.3106916626888006,-0.10323653623537898
2025-10-07,0.0005492930520671249,1.1760260236449265,1.3106916626888006,-0.1027439502953853
2025-10-08,0.002116999692412475,1.1785156703752517,1.3106916626888006,-0.10084445951414556
2025-10-09,0.003977825731941275,1.1832036003343662,1.3106916626888006,-0.09726777546818344
2025-10-10,0.0044204372140873496,1.1884338775611263,1.3106916626888006,-0.09327730434850723
2025-10-13,-0.007990682949761775,1.1789374792387792,1.3106916626888006,-0.1005226379328118
2025-10-14,-0.0018845967199917,1.1767156575323305,1.3106916626888006,-0.10221779001907039
2025-10-15,-0.0006570066692178002,1.1759425474975589,1.3106916626888006,-0.10280763891853284
2025-10-16,0.01127068373798585,1.1891962240444454,1.3106916626888006,-0.09269566756464676
2025-10-17,0.0045238250752889005,1.1945759397422164,1.3106916626888006,-0.0885911814746575
2025-10-20,0.012903249193175474,1.2099898507728821,1.3106916626888006,-0.07683104637236726
2025-10-21,0.002758213326377725,1.2133272609040657,1.3106916626888006,-0.07428474946197339
2025-10-23,0.0088088615007571,1.2240152927004626,1.3106916626888006,-0.06613025203084522
2025-10-24,-0.0029256965030292,1.2204341954389546,1.3106916626888006,-0.06886247148676339
2025-10-27,0.00654202419698605,1.2284183054763453,1.3106916626888006,-0.06277094724450805
2025-10-28,-0.0017276793293361501,1.2262959925621957,1.3106916626888006,-0.06439017850580697
2025-10-29,0.0078931593090447,1.2359753421915323,1.3106916626888006,-0.057005261133646457
2025-10-30,-0.009453058940905125,1.2242915944322903,1.3106916626888006,-0.06591944598111354
2025-10-31,-0.004039630678143,1.219345908548429,1.3106916626888006,-0.06969278644298504
2025-11-03,-0.0021978786030795246,1.216665934266278,1.3106916626888006,-0.0717374887619524
2025-11-04,-0.009828814567675925,1.2047075504075666,1.3106916626888006,-0.08086120885503634
2025-11-06,0.002690756395857875,1.207949124953964,1.3106916626888006,-0.07838803027408203
2025-11-07,-0.0040161978303384,1.2030977622991648,1.3106916626888006,-0.0820894062673091
2025-11-10,0.009612140326389174,1.2146621068167491,1.3106916626888006,-0.07326632083327123
2025-11-11,0.006093006031004901,1.2220630503592167,1.3106916626888006,-0.06761972693697305
2025-11-12,0.006063586518806325,1.2294731353965063,1.3106916626888006,-0.06196615848282705
2025-11-13,-0.003212817025027225,1.225523063175291,1.3106916626888006,-0.06497988957890499
2025-11-14,-0.0027428715002679495,1.2221616108923863,1.3106916626888006,-0.06754452959195645
2025-11-17,0.00181237017563835,1.2243766201457777,1.3106916626888006,-0.0658545751072781
2025-11-18,-0.0051305607500573,1.21809488151517,1.3106916626888006,-0.07064726495907825
2025-11-19,0.008242591962007275,1.2281351405945091,1.3106916626888006,-0.06298698957536053
2025-11-20,0.008983388925238374,1.239167956215222,1.3106916626888006,-0.05456943727470742
2025-11-21,-0.00021692498343847514,1.2388991497268425,1.3106916626888006,-0.054774524783868905
2025-11-24,-0.0036043933209536,1.234433669906232,1.3106916626888006,-0.05818148917353316
2025-11-25,-0.00623469154551675,1.2267373567409663,1.3106916626888006,-0.06405343708039413
2025-11-26,0.013859571991505676,1.2437394114513871,1.3106916626888006,-0.05108161831140756
2025-11-27,0.002966326607018275,1.2474287487597726,1.3106916626888006,-0.048266816467915974
2025-11-28,-0.0008513257258259751,1.2463667805748184,1.3106916626888006,-0.04907705141117913
2025-12-01,-0.0009629543737539751,1.2451665862321624,1.3106916626888006,-0.049992746823625644
2025-12-02,-0.008749607544883124,1.2342718672746291,1.3106916626888006,-0.05830493745371135
2025-12-03,0.004044119679656125,1.2392634104231204,1.3106916626888006,-0.054496609919032823
2025-12-04,0.003240243373135475,1.2432789254763132,1.3106916626888006,-0.05143294882504579
2025-12-05,0.006432431088284575,1.2512762314879562,1.3106916626888006,-0.04533135663574561
2025-12-08,-0.0021316730137502,1.2486089197125463,1.3106916626888006,-0.04736639801987863
2025-12-09,-0.006307039298508825,1.2407338941874506,1.3106916626888006,-0.05337469558464725
2025-12-10,-0.0015153963271371746,1.2388536906012444,1.3106916626888006,-0.054809208094133366
2025-12-11,0.00589687907237065,1.24615906100308,1.3106916626888006,-0.04923553229394628
2025-12-12,0.0004546397037599999,1.246725614389412,1.3106916626888006,-0.04880327701800302
2025-12-15,0.001323746611681425,1.2483759631971565,1.3106916626888006,-0.04754413357891307
2025-12-16,-0.005220274915333251,1.2418590974715733,1.3106916626888006,-0.052516215046353176
2025-12-17,-0.0020036426733194,1.2393708555896292,1.3106916626888006,-0.05441463399016455
2025-12-18,0.0031528847654395255,1.2432784490789477,1.3106916626888006,-0.0514333122952495
2025-12-19,0.007065418506510849,1.2520627316418163,1.3106916626888006,-0.04473129166528056
2025-12-22,0.010997236570152625,1.265831961702353,1.3106916626888006,-0.034225975691659416
2025-12-23,0.001241982811135925,1.2674041032405736,1.3106916626888006,-0.03302650095402704
2025-12-24,-0.00303361409459215,1.263559288289439,1.3106916626888006,-0.03595992538982995
2025-12-26,-0.003721707360416225,1.25885669038589,1.3106916626888006,-0.03954780043124284
2025-12-29,-0.0049610978296053,1.2526113791914324,1.3106916626888006,-0.04431269775396307
2025-12-30,-0.005893008477867275,1.2452297297143844,1.3106916626888006,-0.049944571128288984
2025-12-31,0.005585770223744075,1.252185296860344,1.3106916626888006,-0.04463777980279093
2026-01-01,-0.021242843875162988,1.2255853200963651,1.3106916626888006,-0.06493239029066922
2026-01-02,-0.0025703686457894006,1.2224351140168497,1.3106916626888006,-0.06733585875635939
2026-01-05,-0.0136764700480612,1.2057165167943,1.3106916626888006,-0.08009141194897862
2026-01-06,-0.019361920088428526,1.1823715299468305,1.3106916626888006,-0.09790260851948163
2026-01-07,-0.0007006992786496754,1.1815430430687008,1.3106916626888006,-0.09853470751096371
2026-01-08,-0.01037987406991245,1.1692787750734666,1.3106916626888006,-0.10789180372539675
2026-01-09,-0.00386049146585995,1.1647647843410842,1.3106916626888006,-0.11133577980373865
2026-01-12,-0.0010991096602576,1.1634845801146871,1.3106916626888006,-0.11231251923288155
2026-01-13,-0.0072651427856527,1.1550316985112488,1.3106916626888006,-0.11876169552969096
2026-01-14,-0.001978918944738175,1.1527459844012917,1.3106916626888006,-0.12050559470523625
2026-01-15,0.0,1.1527459844012917,1.3106916626888006,-0.12050559470523625
2026-01-16,0.0112914165374585,1.1657621194730492,1.3106916626888006,-0.11057485703268888
2026-01-19,-0.00669042430186715,1.1579626762587305,1.3106916626888006,-0.116525488623889
2026-01-20,-0.0110703836443683,1.145143585186687,1.3106916626888006,-0.1263058904048434
2026-01-21,-0.0028776263143148,1.141848289872285,1.3106916626888006,-0.1288200555652762
2026-01-22,0.0006301475004214252,1.1425678227180085,1.3106916626888006,-0.12827108370087337
2026-01-23,-0.00364970418510895,1.1383977881536638,1.3106916626888006,-0.13145263637497084
2026-01-27,-9.053573584734994e-05,1.1382947224722262,1.3106916626888006,-0.1315312709496549
2026-01-28,0.00418839775579975,1.1430623535332676,1.3106916626888006,-0.12789377847391825
2026-01-29,-0.0033048966084953247,1.1392846506377767,1.3106916626888006,-0.13077599936768747
2026-01-30,-0.0008807965043931998,1.1382811726999862,1.3106916626888006,-0.13154160882897903
2026-02-02,-0.008753861885667775,1.1283168165271147,1.3106916626888006,-0.13914397363873932
2026-02-03,0.019576169178180752,1.150404937414036,1.3106916626888006,-0.12229171042863474
2026-02-04,-0.015770235866994775,1.1322627802084613,1.3106916626888006,-0.13613337717759166
2026-02-05,-0.008638225788975126,1.1224820386605678,1.3106916626888006,-0.14359565211709113
2026-02-06,0.0094360136137349,1.1330737944585418,1.3106916626888006,-0.13551460903160628
2026-02-09,-0.003105960127167525,1.1295545124318151,1.3106916626888006,-0.13819966618647295
2026-02-10,-0.0028079631568160247,1.1263827649772913,1.3106916626888006,-0.14061956977235313
2026-02-11,-0.0064459378379858,1.119122171692469,1.3106916626888006,-0.14615908260478205
2026-02-12,-0.020341509481478774,1.0963575374260537,1.3106916626888006,-0.16352749572165126
2026-02-13,-0.0155528395570194,1.0793060645493375,1.3106916626888006,-0.1765370183745506
2026-02-16,0.011846447044101375,1.0920920066873987,1.3106916626888006,-0.16678190776994684
2026-02-17,0.008103884358108951,1.1009421940180084,1.3106916626888006,-0.16002960470543048
2026-02-18,0.0051773839892104,1.1066421945063634,1.3106916626888006,-0.1556807554294216
2026-02-19,-0.013408851632439475,1.0918033935100304,1.3106916626888006,-0.16700210691028183
2026-02-20,-0.001656892917955325,1.089994392199524,1.3106916626888006,-0.1683822952200139
2026-02-23,-0.0012350490149173005,1.0886481956991727,1.3106916626888006,-0.16940938384709014
2026-02-24,-0.014658417119234749,1.0726903363505118,1.3106916626888006,-0.1815845275539818
2026-02-25,-0.006134305208243474,1.0661101264334045,1.3106916626888006,-0.18660493784911436
2026-02-26,-0.0023228156123374496,1.0636337491872538,1.3106916626888006,-0.18849430459847671
2026-02-27,-0.0068692192139508754,1.05632741580073,1.3106916626888006,-0.1940687151135595
2026-03-02,-0.00990754545609775,1.045861803912162,1.3106916626888006,-0.2020535159530632
2026-03-04,-0.004202953976233975,1.0414660948848182,1.3106916626888006,-0.2054072483010102
2026-03-05,0.010205201492705724,1.052094466230939,1.3106916626888006,-0.1972982691652786
2026-03-06,-0.004071613597639925,1.0478107440962314,1.3106916626888006,-0.2005665604473944
2026-03-09,-0.0030781055019224,1.0445854720798553,1.3106916626888006,-0.2030273009161021
2026-03-10,-0.0012629299334681247,1.0432662338190997,1.3106916626888006,-0.20403382159393202
2026-03-11,-0.0116270396951264,1.0311361359059,1.3106916626888006,-0.21328855194623753
2026-03-12,-0.006021199710647449,1.0249274593027453,1.3106916626888006,-0.21802549868962173
2026-03-13,-0.012428253449267025,1.0121894010714174,1.3106916626888006,-0.22774407598277135
2026-03-16,0.015768720054029302,1.0281503323785681,1.3106916626888006,-0.21556658850687804
2026-03-17,-0.004277364689212301,1.0237525584516503,1.3106916626888006,-0.2189218962822369
2026-03-18,0.007476815401184425,1.0314069673476836,1.3106916626888006,-0.21308191948683197
2026-03-19,-0.031546202389163225,0.9988699944101405,1.3106916626888006,-0.2379061965183923
2026-03-20,0.00860816438428225,1.0074684315205502,1.3106916626888006,-0.23134596778177952
2026-03-23,-0.020533297708556747,0.986781782284166,1.3106916626888006,-0.24712896986019883
2026-03-24,0.012646679240785875,0.9992612949653648,1.3106916626888006,-0.23760765143234086
2026-03-25,0.009893391793542676,1.00914737846058,1.3106916626888006,-0.2300650052275618
2026-03-27,-0.022523008068311624,0.9864183439133968,1.3106916626888006,-0.24740625732689692
2026-03-30,-0.0186271402500447,0.9680441910761051,1.3106916626888006,-0.2614249265229749
2026-04-01,0.016856490919571875,0.9843620191927237,1.3106916626888006,-0.2489751425034873
2026-04-02,0.00540353708591315,0.9896810558693959,1.3106916626888006,-0.24491695183356232
2026-04-06,0.000958773647898226,0.9906299359855876,1.3106916626888006,-0.2441929981050056
2026-04-07,0.009711826505269076,1.0002507620548056,1.3106916626888006,-0.23685273163113374
2026-04-08,0.02717935007091875,1.0274369276753963,1.3106916626888006,-0.21611088486847108
2026-04-09,-0.011194959526721575,1.015934812853811,1.3106916626888006,-0.2248864917858061
2026-04-10,0.0014363930967809507,1.0173940946057736,1.3106916626888006,-0.22377312409338568
2026-04-13,-0.01895028274573585,0.9981141888491523,1.3106916626888006,-0.23848284286665522
2026-04-15,0.01872106408965225,1.0167999485473884,1.3106916626888006,-0.22422643136259213
2026-04-16,-0.0008296414671986248,1.015956369146228,1.3106916626888006,-0.22487004528429033
2026-04-17,0.008143958449134325,1.0242302756026884,1.3106916626888006,-0.21855741914040627
2026-04-20,-0.00432533005254565,1.019800141610897,1.3106916626888006,-0.22193741621973706
2026-04-21,0.0072148396665107,1.0271578361245044,1.3106916626888006,-0.21632381942725154
2026-04-22,-0.01386513050541195,1.0129161586769817,1.3106916626888006,-0.22718959194487542
2026-04-23,-0.01397375894657735,0.9987619124425364,1.3106916626888006,-0.23798865829844384
2026-04-24,-0.0231038257551266,0.975686691246607,1.3106916626888006,-0.25559403556054683
2026-04-27,0.01399594469260095,0.9893423482146014,1.3106916626888006,-0.2451753708534099
2026-04-28,-0.0014608361532382746,0.9878970811443999,1.3106916626888006,-0.24627804596102187
2026-04-29,0.0184671613399616,1.0061407359291707,1.3106916626888006,-0.23235894103031296
2026-04-30,0.000599274095265225,1.0067436900084041,1.3106916626888006,-0.23189891362921045
2026-05-01,0.0,1.0067436900084041,1.3106916626888006,-0.23189891362921045
2026-05-04,0.0022866942886931745,1.0090458050545243,1.3106916626888006,-0.2301425012618673
2026-05-05,0.00016477279497149986,1.0092120683520773,1.3106916626888006,-0.2300156496900705
2026-05-06,0.0005450021253201997,1.009762091074228,1.3106916626888006,-0.2295960065826883
2026-05-07,-0.0040716636715572,1.0056506794510853,1.3106916626888006,-0.23273283253510824
2026-05-08,-0.001359188477573175,1.0042838106351117,1.3106916626888006,-0.2337756932283468
2026-05-11,-0.01546125361838545,0.9887563239340437,1.3106916626888006,-0.24562248156391486
2026-05-12,-0.02068431482675985,0.9683045768428422,1.3106916626888006,-0.2612262636534767
2026-05-13,-0.0018894740475549248,0.966474990474769,1.3106916626888006,-0.2626221574553186
2026-05-14,0.00320867765755995,0.9695760971832958,1.3106916626888006,-0.2602561496467658
2026-05-15,0.00198158658815965,0.9714973961736744,1.3106916626888006,-0.25879028315423225
2026-05-18,0.006096793986915474,0.97742041565697,1.3106916626888006,-0.2542712802095237
2026-05-19,0.007537844753871326,0.9847880590094568,1.3106916626888006,-0.24865009289123974
2026-05-20,0.0031419845373879506,0.9878822478634687,1.3106916626888006,-0.2462893631009363
2026-05-21,-0.00418369501151085,0.9837492498311222,1.3106916626888006,-0.24944265853265346
2026-05-22,-0.0031444700332202,0.9806558797948255,1.3106916626888006,-0.25180276360111087
2026-05-25,0.009431322734749774,0.9899047618889005,1.3106916626888006,-0.24474627399538507
2026-05-26,-0.00654565336948615,0.983425188448772,1.3106916626888006,-0.24968990309182415
2026-05-27,-0.017277681450021974,0.9664338813128264,1.3106916626888006,-0.26265352193493874
2026-05-28,0.0,0.9664338813128264,1.3106916626888006,-0.26265352193493874
2026-05-29,-0.01417919970622425,0.9527306223068304,1.3106916626888006,-0.2731085049001043
2026-06-01,0.0017927993438997488,0.9544386771414153,1.3106916626888006,-0.27180533430460296
2026-06-02,0.018263356095548376,0.971869930573413,1.3106916626888006,-0.25850605581812913
2026-06-03,-0.01346058565259315,0.9587879921297499,1.3106916626888006,-0.2684869985646683
2026-06-04,-0.003003246657101775,0.9559085152975169,1.3106916626888006,-0.27068391254085544
2026-06-05,-0.005239473691972699,0.9509000577796828,1.3106916626888006,-0.2745051449942302
2026-06-08,-0.011355193129842374,0.9401024039764162,1.3106916626888006,-0.2827432791875276
2026-06-09,2.1334178585725224e-05,0.9401224602889915,1.3106916626888006,-0.282727977104554
2026-06-10,-0.0033249224411184748,0.9369966260233771,1.3106916626888006,-0.2851128509498656
2026-06-11,-0.007722071847858224,0.9297610707560238,1.3106916626888006,-0.2906332608779413
2026-06-12,0.018082893682367925,0.9465738413485094,1.3106916626888006,-0.27780585755258913
2026-06-15,0.010890782870334025,0.9568827715253739,1.3106916626888006,-0.26994059795696734
2026-06-16,0.0117707976189207,0.9681460449740311,1.3106916626888006,-0.26134721648572856
2026-06-17,0.00304513443099785,0.9710941798298159,1.3106916626888006,-0.2590979194620968
